Feature,#Markers,#Code Markers,#File Markers,#Propagations,#Deletion Propagations,#Replacement Propagations,#Resource Propagations,#Path Propagations

Product Management,0,0,0,0,0,0,0,0
Shopping Cart,0,0,0,0,0,0,0,0
Order Management,0,0,0,0,0,0,0,0
User Authentication,0,0,0,0,0,0,0,0
Wishlist,0,0,0,0,0,0,0,0
Payment Methods,0,0,0,0,0,0,0,0
Credit Card,0,0,0,0,0,0,0,0
Debit Card,0,0,0,0,0,0,0,0
PayPal,0,0,0,0,0,0,0,0
Theme,0,0,0,0,0,0,0,0
Light Theme,0,0,0,0,0,0,0,0
Dark Theme,0,0,0,0,0,0,0,0
Product Catalog,0,0,0,0,0,0,0,0
Electronics,0,0,0,0,0,0,0,0
Toys,0,0,0,0,0,0,0,0